City_ID,City,Country,Lat,Lng,Max Temp,Humidity,Cloudiness,Wind Speed,Current Description
0,Punta Arenas,CL,-53.15,-70.9167,37.51,75,0,9.22,clear sky
1,Kuusamo,FI,65.9667,29.1833,48.24,100,0,3.44,clear sky
2,Gladstone,AU,-23.85,151.25,69.73,56,0,10.36,clear sky
3,Saint-Philippe,RE,-21.3585,55.7679,65.21,76,39,6.76,scattered clouds
4,Whitehorse,CA,60.7161,-135.0538,56.17,82,100,8.05,overcast clouds
5,Tiksi,RU,71.6872,128.8694,49.17,72,40,2.98,scattered clouds
6,San Andres,CO,12.5847,-81.7006,84.22,74,40,10.36,scattered clouds
7,Hobart,AU,-42.8794,147.3294,53.26,95,75,5.75,broken clouds
8,Rikitea,PF,-23.1203,-134.9692,75.4,80,33,15.75,scattered clouds
9,Yellowknife,CA,62.456,-114.3525,61.32,88,75,10.36,light intensity shower rain
10,Longyearbyen,SJ,78.2186,15.6401,46.24,93,75,9.22,broken clouds
11,Saldanha,ZA,-33.0117,17.9442,46.45,63,0,9.55,clear sky
12,Goderich,CA,43.7501,-81.7165,75.52,83,39,10.36,scattered clouds
13,Jamestown,US,42.097,-79.2353,74.79,83,97,5.99,overcast clouds
14,Mataura,NZ,-46.1927,168.8643,41.49,76,51,4.32,broken clouds
15,Bredasdorp,ZA,-34.5322,20.0403,46.53,89,0,6.49,clear sky
16,Auki,SB,-8.7676,160.7034,87.39,55,12,3.65,few clouds
17,Arrifes,PT,37.7667,-25.7,70.05,94,40,5.75,scattered clouds
18,Bilibino,RU,68.0546,166.4372,57.94,46,40,13.04,scattered clouds
19,Albany,US,42.6001,-73.9662,75.58,83,99,6.51,overcast clouds
20,Kruisfontein,ZA,-34.0033,24.7314,50.88,82,86,3.42,overcast clouds
21,Vaini,TO,-21.2,-175.2,77.16,78,20,11.5,few clouds
22,Cidreira,BR,-30.1811,-50.2056,63.19,89,100,5.57,overcast clouds
23,Chokurdakh,RU,70.6333,147.9167,69.31,34,40,11.3,scattered clouds
24,Mount Gambier,AU,-37.8333,140.7667,55.31,94,100,13.8,overcast clouds
25,Cape Town,ZA,-33.9258,18.4232,57.38,82,0,2.3,clear sky
26,Anito,PH,12.4497,125.2886,82.98,77,53,0.29,broken clouds
27,Carutapera,BR,-1.195,-46.02,76.17,91,100,5.14,overcast clouds
28,Ushuaia,AR,-54.8,-68.3,35.26,64,40,5.75,scattered clouds
29,Karratha,AU,-20.7377,116.8463,67.35,34,0,24.45,clear sky
30,Avarua,CK,-21.2078,-159.775,69.85,68,40,9.22,scattered clouds
31,Ulagan,RU,50.6321,87.9563,54.54,77,38,1.21,scattered clouds
32,Chuy,UY,-33.6971,-53.4616,57.7,98,99,4.97,overcast clouds
33,Ribeira Grande,PT,38.5167,-28.7,74.23,90,11,5.5,few clouds
34,San Cristobal,VE,7.7669,-72.225,73.58,91,4,2.77,clear sky
35,Bubaque,GW,11.2833,-15.8333,78.37,83,100,5.99,overcast clouds
36,Antalaha,MG,-14.9003,50.2788,66.4,88,56,6.2,light rain
37,Bluff,NZ,-46.6,168.3333,41.81,78,62,11.39,broken clouds
38,Kachiry,KZ,53.0675,76.1036,63.9,53,0,3.02,clear sky
39,Qaanaaq,GL,77.484,-69.3632,40.55,92,100,0.38,overcast clouds
40,Bethel,US,41.3712,-73.414,82.76,79,90,3.42,overcast clouds
41,Clyde River,CA,70.4692,-68.5914,41.23,100,100,12.66,mist
42,Carnarvon,AU,-24.8667,113.6333,58.48,47,0,16.89,clear sky
43,Kapaa,US,22.0752,-159.319,85.98,71,5,5.99,clear sky
44,Nago,JP,26.5881,127.9761,86.45,72,85,3.42,overcast clouds
45,Butaritari,KI,3.0707,172.7902,82.63,73,20,20.74,few clouds
46,Leeuwarden,NL,53.2014,5.8086,73.4,83,100,2.3,overcast clouds
47,Kahului,US,20.8947,-156.47,80.83,76,27,11.01,scattered clouds
48,Esperance,AU,-33.8667,121.9,52.61,62,0,15.12,clear sky
49,Muros,ES,42.7762,-9.0603,61.09,91,17,3.13,few clouds
50,Genhe,CN,50.7833,121.5167,73.83,51,9,8.66,clear sky
51,Asau,RO,46.4333,26.4,65.32,92,63,4.07,broken clouds
52,Bowling Green,US,36.9903,-86.4436,86.14,78,8,8.59,clear sky
53,Arraial Do Cabo,BR,-22.9661,-42.0278,71.22,87,4,20.89,clear sky
54,Vao,NC,-22.6667,167.4833,72.14,73,82,12.77,broken clouds
55,Makubetsu,JP,45.3714,141.8211,64.11,88,75,4.61,broken clouds
56,Santiago Del Estero,AR,-27.7951,-64.2615,73.47,57,0,5.95,clear sky
57,Kavaratti,IN,10.5669,72.642,81.23,74,100,15.84,overcast clouds
58,Puerto Ayora,EC,-0.7393,-90.3518,69.55,90,94,4.0,overcast clouds
59,Saskylakh,RU,71.9167,114.0833,71.33,54,91,11.92,overcast clouds
60,Airai,TL,-8.9266,125.4092,66.07,44,94,3.09,overcast clouds
61,Hithadhoo,MV,-0.6,73.0833,81.81,73,96,7.56,overcast clouds
62,Georgetown,MY,5.4112,100.3354,80.53,93,20,3.44,few clouds
63,Kaitangata,NZ,-46.2817,169.8464,44.04,92,100,6.31,overcast clouds
64,Marystown,CA,47.1666,-55.1483,66.85,100,95,6.29,overcast clouds
65,Busselton,AU,-33.65,115.3333,60.13,64,100,17.05,overcast clouds
66,Pucallpa,PE,-8.3791,-74.5539,82.44,74,40,2.3,scattered clouds
67,Merritt Island,US,28.5392,-80.672,85.08,74,49,1.01,scattered clouds
68,Narsaq,GL,60.9167,-46.05,49.51,69,100,5.1,overcast clouds
69,Fairbanks,US,64.8378,-147.7164,74.61,32,0,1.99,clear sky
70,Lorengau,PG,-2.0226,147.2712,85.64,67,62,9.62,broken clouds
71,Comodoro Rivadavia,AR,-45.8667,-67.5,28.26,86,0,5.75,clear sky
72,Dunedin,NZ,-45.8742,170.5036,46.71,91,100,11.86,overcast clouds
73,Morehead,US,37.2711,-87.1764,85.95,75,0,0.0,clear sky
74,Honiara,SB,-9.4333,159.95,88.23,60,29,7.76,scattered clouds
75,Nanortalik,GL,60.1432,-45.2371,46.83,82,100,1.95,overcast clouds
76,Alofi,NU,-19.0595,-169.9187,75.09,60,79,19.57,broken clouds
77,Kamenka,RU,51.3223,42.7678,61.81,87,93,6.24,overcast clouds
78,Cherskiy,RU,68.75,161.3,62.38,37,13,8.7,few clouds
79,Katsuura,JP,35.1333,140.3,82.45,81,100,11.43,overcast clouds
80,Norman Wells,CA,65.282,-126.8329,66.24,55,75,4.61,broken clouds
81,Fortuna,US,40.5982,-124.1573,64.92,75,26,3.0,scattered clouds
82,Hermanus,ZA,-34.4187,19.2345,49.42,83,0,11.18,clear sky
83,Tuktoyaktuk,CA,69.4541,-133.0374,46.4,87,40,9.22,scattered clouds
84,Mahebourg,MU,-20.4081,57.7,64.26,74,59,7.11,light rain
85,Roma,US,43.2128,-75.4557,78.87,90,100,1.45,overcast clouds
86,Chalmette,US,29.9427,-89.9634,86.0,77,90,1.99,overcast clouds
87,Luwuk,ID,-0.9516,122.7875,81.77,69,95,5.95,overcast clouds
88,Salinopolis,BR,-0.6136,-47.3561,79.16,84,96,8.79,overcast clouds
89,Nola,IT,40.922,14.5329,79.21,81,0,0.43,clear sky
90,Maldonado,UY,-34.6667,-54.9167,54.79,97,100,5.41,overcast clouds
91,Qasigiannguit,GL,68.8193,-51.1922,36.82,97,92,1.72,overcast clouds
92,Acapulco,MX,16.8634,-99.8901,81.84,79,100,2.42,overcast clouds
93,Yerbogachen,RU,61.2767,108.0108,73.36,59,64,2.75,broken clouds
94,Puerto Baquerizo Moreno,EC,-0.9,-89.6,69.55,81,100,12.37,overcast clouds
95,Washington,US,47.5001,-120.5015,99.57,16,7,3.44,clear sky
96,Port Elizabeth,ZA,-33.918,25.5701,53.1,100,75,4.61,broken clouds
97,Belen,TR,36.4891,36.2233,67.33,57,0,6.13,clear sky
98,Correntina,BR,-13.3433,-44.6367,71.35,56,37,7.29,scattered clouds
99,Paita,PE,-5.0892,-81.1144,63.93,90,15,14.85,few clouds
100,Barrow,US,71.2906,-156.7887,42.82,87,100,11.5,overcast clouds
101,Port Hardy,CA,50.6996,-127.4199,73.58,64,40,5.75,scattered clouds
102,Brae,GB,60.3964,-1.353,52.7,93,100,16.06,light rain
103,Ocampo,MX,21.65,-101.5,67.66,46,22,24.34,few clouds
104,Atuona,PF,-9.8,-139.0333,76.6,65,13,14.14,few clouds
105,Litovko,RU,49.2361,135.1742,76.39,70,9,7.11,clear sky
106,Tautira,PF,-17.7333,-149.15,77.99,78,4,12.97,light rain
107,Moussoro,TD,13.6408,16.4901,84.67,55,75,11.39,broken clouds
108,San Patricio,US,28.017,-97.5169,88.52,62,0,16.55,clear sky
109,Gisborne,NZ,-38.6533,178.0042,54.03,77,100,14.92,overcast clouds
110,Ahipara,NZ,-35.1667,173.1667,62.49,96,100,19.33,light rain
111,Upernavik,GL,72.7868,-56.1549,40.82,96,100,6.46,overcast clouds
112,Mwinilunga,ZM,-11.7358,24.4293,55.08,53,0,4.68,clear sky
113,Soyo,AO,-6.1349,12.3689,69.44,93,74,4.23,broken clouds
114,Dolores,AR,-36.3132,-57.6792,51.48,91,100,10.0,overcast clouds
115,Blairmore,CA,49.6,-114.4353,81.99,23,100,6.42,overcast clouds
116,New Norfolk,AU,-42.7826,147.0587,52.92,77,75,2.44,broken clouds
117,Sibolga,ID,1.7427,98.7792,77.36,87,100,2.51,overcast clouds
118,Lebu,CL,-37.6167,-73.65,53.42,92,100,13.76,moderate rain
119,Talnakh,RU,69.4865,88.3972,56.21,71,96,27.29,overcast clouds
120,Mareeba,AU,-17.0,145.4333,74.44,70,5,6.55,clear sky
121,Sabya,SA,17.1495,42.6254,82.02,62,100,6.22,light rain
122,Lotoshino,RU,56.2267,35.6414,61.52,98,100,5.46,light rain
123,Meulaboh,ID,4.1363,96.1285,76.77,89,100,2.71,overcast clouds
124,Deoband,IN,29.7,77.6833,83.71,63,91,13.15,overcast clouds
125,Avera,US,33.194,-82.5271,82.54,75,100,5.7,overcast clouds
126,Castro,BR,-24.7911,-50.0119,58.84,72,100,2.86,overcast clouds
127,Port Alfred,ZA,-33.5906,26.891,58.86,58,66,5.12,broken clouds
128,Suntar,RU,62.1444,117.6319,82.22,59,68,4.32,broken clouds
129,Seymchan,RU,62.8833,152.4333,67.23,46,55,2.46,broken clouds
130,East London,ZA,-33.0153,27.9116,59.32,54,100,6.49,overcast clouds
131,Hilo,US,19.7297,-155.09,84.27,81,93,5.01,overcast clouds
132,Port Lincoln,AU,-34.7333,135.8667,57.34,56,7,22.68,clear sky
133,Emba,KZ,48.8264,58.1442,72.73,57,100,3.27,light rain
134,Jumla,NP,29.2747,82.1838,61.61,95,92,1.3,overcast clouds
135,Iqaluit,CA,63.7506,-68.5145,47.93,87,40,3.44,scattered clouds
136,Nishihara,JP,26.1842,127.7558,87.08,84,40,8.05,scattered clouds
137,Thompson,CA,55.7435,-97.8558,71.76,37,20,3.44,few clouds
138,Bondoukou,CI,8.0333,-2.8,70.52,85,100,5.28,overcast clouds
139,Manggar,ID,-2.8833,108.2667,81.82,79,47,14.61,scattered clouds
140,Miri,MY,4.4148,114.0089,77.14,100,40,4.61,scattered clouds
141,Ancud,CL,-41.8697,-73.8203,47.23,94,92,7.11,overcast clouds
142,Bambous Virieux,MU,-20.3428,57.7575,68.68,75,52,7.52,broken clouds
143,Kodiak,US,57.79,-152.4072,52.95,97,100,7.63,light rain
144,Rayadrug,IN,14.7,76.8667,72.57,83,100,13.0,overcast clouds
145,Mehran,IR,33.1222,46.1646,88.03,12,0,10.54,clear sky
146,Torbay,CA,47.6666,-52.7314,74.17,74,20,16.11,few clouds
147,Muriwai Beach,NZ,-36.8167,174.45,56.48,97,100,24.38,light rain
148,Xingyi,CN,24.1877,102.817,68.81,76,0,3.11,clear sky
149,Magog,CA,45.2668,-72.1491,79.5,83,100,17.27,overcast clouds
150,Barra Do Garcas,BR,-15.89,-52.2567,72.12,40,0,2.39,clear sky
151,Mazsalaca,LV,57.8633,25.0547,58.42,82,100,6.4,overcast clouds
152,Bjornevatn,NO,69.6672,29.9847,50.34,76,40,3.44,scattered clouds
153,Henties Bay,NA,-22.116,14.2845,54.68,86,0,3.13,clear sky
154,Padang,ID,-0.9492,100.3543,75.25,95,100,3.71,light rain
155,Nsanje,MW,-16.92,35.262,62.85,91,0,3.22,clear sky
156,Janow Lubelski,PL,50.707,22.4104,58.23,83,89,0.65,overcast clouds
157,Flinders,AU,-34.5833,150.8552,64.38,77,66,5.01,broken clouds
158,Parambu,BR,-6.2111,-40.6944,78.69,43,99,9.13,overcast clouds
159,Nalut,LY,30.3333,10.85,78.87,26,0,10.04,clear sky
160,Sitka,US,57.0531,-135.33,56.35,99,100,6.06,light rain
161,Palmer,US,42.1584,-72.3287,84.06,66,41,7.36,scattered clouds
162,Gunzenhausen,DE,49.1,10.75,65.37,67,8,5.32,clear sky
163,Khatanga,RU,71.9667,102.5,66.34,76,100,14.09,light rain
164,Dikson,RU,73.5069,80.5464,49.75,95,100,13.56,overcast clouds
165,Provideniya,RU,64.3833,-173.3,46.51,76,100,7.0,light rain
166,Deputatskiy,RU,69.3,139.9,65.39,50,99,6.44,overcast clouds
167,Ishinomaki,JP,38.4167,141.3,77.0,85,100,0.81,overcast clouds
168,Bereda,ES,43.2686,-7.5406,56.14,100,99,1.45,overcast clouds
169,Necochea,AR,-38.5473,-58.7368,48.24,89,100,8.37,overcast clouds
170,Smithville,US,39.3869,-94.5811,77.95,39,98,5.97,overcast clouds
171,Inhambane,MZ,-23.865,35.3833,67.5,78,96,16.35,overcast clouds
172,Kavieng,PG,-2.5744,150.7967,85.26,70,8,11.59,clear sky
173,Pacific Grove,US,36.6177,-121.9166,70.39,83,100,13.8,overcast clouds
174,Cabo San Lucas,MX,22.8909,-109.9124,89.62,73,13,5.01,few clouds
175,Pisco,PE,-13.7,-76.2167,60.85,88,0,12.66,clear sky
176,Leningradskiy,RU,69.3833,178.4167,35.11,94,100,4.14,overcast clouds
177,Klaksvik,FO,62.2266,-6.589,49.12,93,98,20.87,overcast clouds
178,Ixtapa,MX,20.7,-105.2,80.22,92,84,1.01,light rain
179,Rocha,UY,-34.4833,-54.3333,56.28,98,100,3.11,overcast clouds
180,Bissau,GW,11.8636,-15.5977,75.02,90,56,1.57,broken clouds
181,Bilaspur,IN,22.0833,82.15,76.23,93,100,5.64,heavy intensity rain
182,Moron,AR,-34.6534,-58.6198,58.95,99,100,11.5,mist
183,Anadyr,RU,64.75,177.4833,54.1,58,75,6.71,broken clouds
184,Inirida,CO,3.8653,-67.9239,71.06,97,62,1.66,broken clouds
185,Mar Del Plata,AR,-38.0023,-57.5575,51.1,97,100,8.01,overcast clouds
186,Petropavlivka,UA,48.4564,36.4367,66.38,69,100,2.46,overcast clouds
187,Maxixe,MZ,-23.8597,35.3472,67.41,76,93,14.43,overcast clouds
188,Thunder Bay,CA,48.4001,-89.3168,60.71,72,40,9.22,scattered clouds
189,Yulara,AU,-25.2406,130.9889,58.55,48,0,16.96,clear sky
190,Nosy Varika,MG,-20.5833,48.5333,63.39,92,19,4.09,few clouds
191,Half Moon Bay,US,37.4636,-122.4286,84.54,76,100,6.91,overcast clouds
192,Buala,SB,-8.145,159.5921,85.87,67,97,8.08,light rain
193,Ulaangom,MN,49.9811,92.0667,66.69,44,6,5.84,clear sky
194,Moyamba,SL,8.1667,-12.4333,72.34,97,100,3.22,light rain
195,Cayenne,GF,4.9333,-52.3333,83.08,1,0,3.44,clear sky
196,Irece,BR,-11.3042,-41.8558,64.76,81,31,13.2,scattered clouds
197,Puerto Maldonado,PE,-12.6,-69.1833,73.74,85,33,1.41,scattered clouds
198,Nichinan,JP,31.6,131.3667,85.15,74,86,2.53,overcast clouds
199,Wanning,CN,18.8003,110.3967,84.27,71,25,2.68,scattered clouds
200,Kuminskiy,RU,58.6667,66.5667,59.85,94,82,6.6,light rain
201,Aksu,CN,41.1231,80.2644,87.85,25,100,2.28,overcast clouds
202,Ponta Do Sol,PT,32.6667,-17.1,84.13,36,0,3.15,clear sky
203,Hasaki,JP,35.7333,140.8333,91.29,81,89,14.5,overcast clouds
204,Bayangol,RU,50.6977,103.4656,54.09,89,100,1.79,overcast clouds
205,Sierpc,PL,52.8568,19.6691,58.44,82,94,2.21,overcast clouds
206,Aklavik,CA,68.2191,-135.0107,62.29,50,28,6.04,scattered clouds
207,Coahuayana,MX,18.7333,-103.6833,83.03,77,93,5.1,overcast clouds
208,Touros,BR,-5.1989,-35.4608,73.9,75,57,17.34,broken clouds
209,Fare,PF,-16.7,-151.0167,78.33,78,2,12.55,light rain
210,Kingsville,US,27.5159,-97.8561,89.85,65,0,18.41,clear sky
211,Grootegast,NL,53.2125,6.2736,73.42,83,100,4.63,overcast clouds
212,Souillac,MU,-20.5167,57.5167,66.79,81,55,5.95,light rain
213,Mao,ES,39.8885,4.2658,79.36,89,0,4.61,clear sky
214,Olafsvik,IS,64.8945,-23.7142,52.02,82,99,6.67,overcast clouds
215,Pathalgaon,IN,22.5667,83.4667,73.62,96,100,3.58,light rain
216,Kirakira,SB,-10.4544,161.9205,85.95,62,9,8.84,clear sky
217,Kalakamati,BW,-20.5929,27.3121,57.18,41,5,7.58,clear sky
218,Pevek,RU,69.7008,170.3133,35.91,88,90,2.89,overcast clouds
219,Faanui,PF,-16.4833,-151.75,78.35,78,6,13.02,light rain
220,Gidole,ET,5.65,37.3667,59.02,60,82,2.53,broken clouds
221,Novikovo,RU,51.1537,37.8879,63.48,84,73,3.76,broken clouds
222,Kenai,US,60.5544,-151.2583,69.03,71,98,7.85,overcast clouds
223,Norrkoping,SE,58.5942,16.1826,63.59,83,100,5.75,overcast clouds
224,Nikolskoye,RU,59.7035,30.7861,62.49,97,72,3.44,broken clouds
225,Yeppoon,AU,-23.1333,150.7333,67.78,76,26,8.46,scattered clouds
226,San Policarpo,PH,12.1791,125.5072,82.06,78,75,1.01,broken clouds
227,Lavrentiya,RU,65.5833,-171.0,42.53,90,100,10.2,overcast clouds
228,Geraldton,AU,-28.7667,114.6,48.61,81,0,14.97,clear sky
229,Severo-Kurilsk,RU,50.6789,156.125,51.8,98,100,15.08,light rain
230,Gizo,SB,-8.103,156.8419,83.86,71,44,5.97,light rain
231,Villagomez,CO,5.2737,-74.1961,61.47,98,100,4.0,overcast clouds
232,Poum,NC,-20.2333,164.0167,74.91,64,0,12.53,clear sky
233,Hay River,CA,60.8156,-115.7999,60.22,77,12,8.81,light rain
234,Oranjestad,AW,12.524,-70.027,80.46,84,5,22.1,clear sky
235,Shouguang,CN,36.88,118.7375,83.44,68,6,6.73,clear sky
236,Saint Anthony,US,45.0205,-93.218,75.65,52,27,3.0,scattered clouds
237,Labuhan,ID,-6.8844,112.2051,76.14,70,51,9.17,broken clouds
238,Eston,CA,51.1501,-108.7514,83.91,32,92,2.24,overcast clouds
239,Prata,BR,-19.3072,-48.9242,69.6,42,4,5.41,clear sky
240,Bathsheba,BB,13.2167,-59.5167,81.21,92,40,11.5,scattered clouds
241,Masunga,BW,-20.6246,27.4488,57.61,40,6,7.99,clear sky
242,Reconquista,AR,-29.15,-59.65,69.21,82,4,7.7,clear sky
243,Baykit,RU,61.67,96.37,62.53,63,74,2.84,broken clouds
244,Guangyuan,CN,32.442,105.823,81.05,73,92,1.36,overcast clouds
245,Luderitz,NA,-26.6481,15.1594,66.81,45,0,8.08,clear sky
246,Araxa,BR,-19.5933,-46.9406,61.81,57,15,4.81,few clouds
247,Sao Joao Da Barra,BR,-21.6403,-41.0511,71.37,83,5,12.24,clear sky
248,Shache,CN,38.4167,77.2406,88.11,16,100,13.82,overcast clouds
249,Gat,IL,31.61,34.7642,76.41,100,0,2.21,clear sky
250,Bela,IN,25.9333,81.9833,81.32,83,32,13.56,light rain
251,Ati,TD,13.2154,18.3353,86.14,55,100,11.14,overcast clouds
252,Namibe,AO,-15.1961,12.1522,63.7,83,0,6.78,clear sky
253,Vilyuysk,RU,63.7553,121.6247,73.33,51,60,6.98,broken clouds
254,Jaguarari,BR,-10.2639,-40.1958,63.93,83,100,9.98,overcast clouds
255,Brazzaville,CG,-4.2658,15.2832,76.98,67,92,7.9,light rain
256,Bandarbeyla,SO,9.4942,50.8122,77.47,73,88,25.17,overcast clouds
257,Andenes,NO,69.3143,16.1194,50.94,93,40,19.57,scattered clouds
258,Brokopondo,SR,4.75,-55.1667,76.86,88,100,6.89,light rain
259,Tasiilaq,GL,65.6145,-37.6368,41.16,87,86,4.27,overcast clouds
260,Vardo,NO,70.3705,31.1107,44.58,93,20,4.61,few clouds
261,Houma,US,29.5958,-90.7195,86.0,78,0,0.0,clear sky
262,Lasa,IT,46.6166,10.7002,67.69,93,2,2.06,clear sky
263,Iquitos,PE,-3.7481,-73.2472,72.84,94,100,1.9,overcast clouds
264,Yurla,RU,59.3259,54.3223,63.52,89,34,4.63,scattered clouds
265,Cururupu,BR,-1.8283,-44.8683,75.02,93,100,2.86,overcast clouds
266,Marzuq,YE,14.4,46.4667,77.27,64,100,4.43,overcast clouds
267,Samana,DO,19.2056,-69.3369,78.15,83,8,10.2,clear sky
268,Hovd,MN,48.0056,91.6419,65.19,25,0,5.84,clear sky
269,Vila Franca Do Campo,PT,37.7167,-25.4333,72.01,88,42,2.51,scattered clouds
270,Havre-Saint-Pierre,CA,50.2334,-63.5986,61.63,79,100,3.91,overcast clouds
271,Hinton,CA,53.4001,-117.5857,66.0,56,100,4.18,overcast clouds
272,Chongwe,ZM,-15.3292,28.682,55.71,58,1,2.55,clear sky
273,Uyuni,BO,-20.4597,-66.825,43.9,22,1,6.67,clear sky
274,Agirish,RU,61.9247,63.0231,54.12,80,99,3.71,overcast clouds
275,Yar-Sale,RU,66.8333,70.8333,49.17,85,100,11.7,overcast clouds
276,Terme,TR,41.2092,36.9739,64.8,74,0,5.99,clear sky
277,Te Anau,NZ,-45.4167,167.7167,44.78,73,98,2.01,overcast clouds
278,Grindavik,IS,63.8424,-22.4338,49.95,100,75,8.05,broken clouds
279,Qaqortoq,GL,60.7167,-46.0333,48.13,76,100,4.27,overcast clouds
280,Haines Junction,CA,60.7522,-137.5108,49.98,84,100,3.83,overcast clouds
281,Bojnurd,IR,37.4747,57.329,66.43,88,64,4.12,broken clouds
282,Yumen,CN,40.2833,97.2,80.49,24,39,14.29,scattered clouds
283,Sovetskiy,RU,61.3614,63.5842,57.49,85,47,3.87,scattered clouds
284,Kita,ML,13.0349,-9.4895,72.99,94,100,3.44,light rain
285,Price,US,39.5994,-110.8107,72.12,56,100,6.31,overcast clouds
286,Bo Rai,TH,12.5728,102.5371,85.68,84,33,1.79,scattered clouds
287,Tagusao,PH,9.1924,117.8141,83.86,72,26,3.2,scattered clouds
288,Tuatapere,NZ,-46.1333,167.6833,45.64,75,64,3.65,broken clouds
289,Erzin,TR,36.9559,36.2,72.86,44,0,4.9,clear sky
290,Marsh Harbour,BS,26.5412,-77.0636,82.8,73,7,14.63,clear sky
291,Port Blair,IN,11.6667,92.75,82.26,79,71,3.33,broken clouds
292,Lazaro Cardenas,MX,17.9583,-102.2,81.99,76,37,6.6,scattered clouds
293,Wasilla,US,61.5814,-149.4394,72.07,48,0,10.36,clear sky
294,Jasper,US,37.2001,-94.3502,96.87,70,85,2.24,overcast clouds
295,Kemijarvi,FI,66.7131,27.4306,49.93,76,100,3.33,overcast clouds
296,Macusani,PE,-14.0833,-70.4333,37.31,80,95,1.66,overcast clouds
297,Grand Gaube,MU,-20.0064,57.6608,64.8,75,7,5.01,clear sky
298,Mildura,AU,-34.2,142.15,60.08,78,100,8.86,overcast clouds
299,Chapais,CA,49.7834,-74.8492,62.22,98,100,7.49,overcast clouds
300,Rorvik,NO,64.8621,11.2373,56.57,93,100,7.18,overcast clouds
301,Manokwari,ID,-0.8667,134.0833,82.49,73,100,6.22,overcast clouds
302,Taybad,IR,34.74,60.7756,82.27,31,0,17.36,clear sky
303,Ilulissat,GL,69.2167,-51.1,37.67,95,97,2.19,overcast clouds
304,Constitucion,CL,-35.3333,-72.4167,53.35,94,100,8.61,overcast clouds
305,Wladyslawowo,PL,54.7909,18.4009,60.01,67,35,6.2,scattered clouds
306,Kushima,JP,31.4583,131.2333,87.6,68,31,3.44,scattered clouds
307,Chardara,KZ,41.2547,67.9692,79.27,34,0,10.27,clear sky
308,Matagami,CA,49.7502,-77.6328,61.66,95,13,5.88,few clouds
309,Santo Domingo,DO,18.5001,-69.9886,78.04,90,45,1.99,scattered clouds
310,Raymondville,US,26.4815,-97.7831,91.51,52,0,17.07,clear sky
311,Nakamura,JP,32.9833,132.9333,85.75,66,81,3.74,broken clouds
312,Salalah,OM,17.0151,54.0924,76.01,96,100,7.87,light rain
313,Cuajinicuilapa,MX,16.4667,-98.4167,78.01,89,100,4.79,overcast clouds
314,Bara,NG,10.3744,10.7288,74.89,85,100,5.86,overcast clouds
315,Luganville,VU,-15.5333,167.1667,83.08,72,26,5.57,scattered clouds
316,Salina Cruz,MX,16.1667,-95.2,83.57,70,100,11.95,overcast clouds
317,Burns Lake,CA,54.2331,-125.7533,60.24,79,100,4.0,overcast clouds
318,Coihaique,CL,-45.5752,-72.0662,25.2,97,93,2.51,overcast clouds
319,Wlodawa,PL,51.55,23.55,57.94,85,99,4.74,overcast clouds
320,Sao Filipe,CV,14.8961,-24.4956,78.31,83,100,9.15,light rain
321,Kabalo,CD,-6.05,26.9167,76.73,44,53,3.13,broken clouds
322,Myanaung,MM,18.2833,95.3167,79.47,83,94,1.32,overcast clouds
323,Codrington,AU,-38.2667,141.9667,54.19,91,100,17.47,light rain
324,Matadi,CD,-5.8167,13.45,70.43,88,94,4.63,overcast clouds
325,Kieta,PG,-6.2167,155.6333,85.64,66,11,6.93,light rain
326,Osmena,PH,10.5208,119.9258,82.27,77,86,4.21,overcast clouds
327,Futtsu,JP,35.3053,139.8186,90.21,81,100,12.08,overcast clouds
328,Sakakah,SA,29.9697,40.2064,85.44,17,0,5.55,clear sky
329,Areado,BR,-21.3586,-46.1456,61.3,54,0,1.57,clear sky
330,Tilichiki,RU,60.4667,166.1,58.98,55,29,5.35,scattered clouds
331,Pocatello,US,42.8713,-112.4455,92.17,12,0,15.99,clear sky
332,Meridian,US,43.6121,-116.3915,93.34,19,0,10.36,clear sky
333,Umm Lajj,SA,25.0213,37.2685,82.56,77,99,9.33,overcast clouds
334,Kattivakkam,IN,13.2167,80.3167,83.07,87,62,7.05,broken clouds
335,Maumere,ID,-8.6199,122.2111,78.39,64,65,7.31,broken clouds
336,Rottenmann,AT,47.5167,14.35,58.28,95,0,4.9,clear sky
337,Harlingen,US,26.1906,-97.6961,91.49,44,0,17.27,clear sky
338,Opuwo,NA,-18.0607,13.84,60.48,37,0,3.94,clear sky
339,Doka,SD,13.5167,35.7667,68.77,90,100,7.74,overcast clouds
340,Villamontes,BO,-21.25,-63.5,73.26,61,0,0.51,clear sky
341,Lagoa,PT,39.05,-27.9833,73.02,90,0,10.07,clear sky
342,Bengkulu,ID,-3.8004,102.2655,77.05,90,100,7.54,light rain
343,Del Rio,US,29.3627,-100.8968,100.42,22,0,16.87,clear sky
344,Seoul,KR,37.5683,126.9778,83.59,64,4,0.63,clear sky
345,Fasa,IR,28.9383,53.6482,81.07,36,16,3.2,few clouds
346,Saint-Pierre,RE,-21.3393,55.4781,65.28,74,6,8.95,clear sky
347,Varhaug,NO,58.6147,5.6457,62.15,97,100,22.7,overcast clouds
348,Bang Lamung,TH,13.047,100.9289,85.37,65,17,4.29,few clouds
349,Walvis Bay,NA,-22.9575,14.5053,54.09,88,54,6.58,broken clouds
350,Keningau,MY,5.3378,116.1602,77.86,89,95,1.25,overcast clouds
351,Riyadh,SA,24.6877,46.7219,90.72,19,34,9.64,scattered clouds
352,Kutum,SD,14.2,24.6667,79.48,50,98,3.76,overcast clouds
353,Kolondieba,ML,11.0882,-6.8926,70.75,94,100,3.67,overcast clouds
354,Isangel,VU,-19.55,169.2667,80.73,75,11,2.86,few clouds
355,Oktyabrskiy,RU,54.4815,53.471,63.03,84,13,4.0,few clouds
356,Mount Isa,AU,-20.7333,139.5,76.77,38,0,6.91,clear sky
357,Anchorage,US,61.2181,-149.9003,70.65,50,39,5.01,scattered clouds
358,Kaina,NG,12.6374,8.5873,84.54,55,62,7.81,broken clouds
359,Smolenka,RU,52.1352,113.4974,62.67,100,40,8.95,scattered clouds
360,Guerrero Negro,MX,27.9769,-114.0611,72.57,70,18,16.17,few clouds
361,Tadine,NC,-21.55,167.8833,73.08,78,100,12.28,overcast clouds
362,Kajaani,FI,64.2273,27.7285,48.25,93,0,3.44,clear sky
363,Gazanjyk,TM,39.2446,55.5154,79.09,64,97,8.39,light rain
364,La Quinta,US,33.6634,-116.31,103.1,28,0,5.75,clear sky
365,Qostanay,KZ,53.1667,63.5833,57.49,72,0,2.24,clear sky
366,Dogondoutchi,NE,13.6393,4.0287,83.61,61,27,12.35,scattered clouds
367,Port Moresby,PG,-9.4431,147.1797,83.61,69,14,11.21,few clouds
368,Banamba,ML,13.55,-7.45,75.22,85,100,5.86,light rain
369,Bonavista,CA,48.6499,-53.1147,64.45,90,24,11.43,few clouds
370,Madimba,TZ,-10.4,40.3333,68.52,89,2,7.27,clear sky
371,Morondava,MG,-20.2833,44.2833,66.06,86,0,8.66,clear sky
372,Coquimbo,CL,-29.9533,-71.3436,54.14,87,24,1.39,few clouds
373,Lodja,CD,-3.4833,23.4333,72.14,76,7,1.63,clear sky
374,Wagga Wagga,AU,-35.1167,147.3667,60.85,65,60,9.69,broken clouds
375,Llandrindod Wells,GB,52.2416,-3.3787,60.39,92,96,16.96,overcast clouds
376,Berbera,SO,10.4396,45.0143,89.11,39,100,19.37,overcast clouds
377,Zyryanka,RU,65.75,150.85,75.78,30,92,0.65,overcast clouds
378,Hobyo,SO,5.3505,48.5268,74.75,83,6,22.66,clear sky
379,Lata,PT,40.1629,-8.3327,56.53,91,2,1.77,clear sky
380,Shitanjing,CN,39.2342,106.3439,77.81,34,89,7.7,overcast clouds
381,Campbell River,CA,50.0163,-125.2446,77.59,45,97,10.13,overcast clouds
382,Neryungri,RU,56.6709,124.6491,77.32,52,7,0.87,clear sky
383,Salamiyah,SY,35.0113,37.0532,71.82,44,0,5.06,clear sky
384,Kerouane,GN,9.2667,-9.0167,67.05,98,100,3.36,overcast clouds
385,Anloga,GH,5.7947,0.8973,75.52,83,59,10.49,broken clouds
386,Zavodskoy,RU,43.4597,132.2922,71.19,83,40,2.24,light rain
387,Eyl,SO,7.9803,49.8164,75.88,74,12,21.23,few clouds
388,Salaga,GH,8.5508,-0.5188,72.3,87,36,2.82,scattered clouds
389,Brindisi,IT,40.5833,17.6667,83.77,44,0,6.53,clear sky
390,Kampot,KH,10.6167,104.1833,82.45,82,7,3.78,clear sky
391,Tiznit,MA,29.5833,-9.5,88.07,23,7,2.77,clear sky
392,Tabou,CI,4.423,-7.3528,73.89,77,100,5.35,overcast clouds
393,Tateyama,JP,34.9833,139.8667,81.0,84,100,9.69,overcast clouds
394,Evensk,RU,61.95,159.2333,62.49,50,6,6.8,clear sky
395,Kozlovo,RU,56.5167,36.2667,60.89,99,100,5.37,overcast clouds
396,Kinel,RU,53.2333,50.65,67.24,90,19,4.12,few clouds
397,Vokhtoga,RU,58.8147,41.0461,61.34,92,58,3.42,broken clouds
398,Khuzhir,RU,53.1939,107.3397,53.15,97,100,3.76,moderate rain
399,Fenyi,CN,27.8112,114.6681,89.69,63,1,2.48,clear sky
400,Miramar,US,25.9873,-80.2323,86.0,75,0,8.05,clear sky
401,Olot,ES,42.181,2.4901,76.6,10,0,5.03,clear sky
402,Tual,ID,-5.6667,132.75,80.1,83,53,18.68,broken clouds
403,Vyartsilya,RU,62.1764,30.693,56.61,100,79,4.27,broken clouds
404,Sosnogorsk,RU,63.6023,53.8817,48.6,82,100,2.3,overcast clouds
405,Senno,RU,59.5336,33.9167,61.27,98,100,3.15,light rain
406,Tucuman,AR,-26.8241,-65.2226,68.11,61,0,3.24,clear sky
407,Vestmanna,FO,62.1564,-7.1664,47.32,87,75,19.57,broken clouds
408,Ivanava,BY,52.1451,25.5365,55.29,96,100,7.58,overcast clouds
409,Canton,CN,23.1167,113.25,93.15,53,0,4.25,clear sky
410,Bahar,IR,34.9072,48.4414,64.04,47,0,4.05,clear sky
411,Inuvik,CA,68.3499,-133.7218,61.29,52,23,4.94,few clouds
412,Sikonge,TZ,-5.6333,32.7667,69.08,44,68,8.84,broken clouds
413,Yatou,CN,37.15,122.3833,81.81,69,0,9.19,clear sky
414,Mayumba,GA,-3.432,10.6554,70.97,88,100,0.96,overcast clouds
415,Sinnamary,GF,5.3833,-52.95,78.06,88,93,8.14,overcast clouds
416,Bukama,CD,-9.2,25.85,70.38,41,46,3.69,scattered clouds
417,Macapa,BR,0.0389,-51.0664,78.67,83,76,8.48,broken clouds
418,Mata,PT,40.683,-7.4592,69.76,72,2,2.75,clear sky
419,Cockburn Town,TC,21.4612,-71.1419,81.79,79,8,21.3,clear sky
420,Morant Bay,JM,17.8815,-76.4093,78.71,80,74,6.82,broken clouds
421,Jamame,SO,0.0722,42.7506,73.53,84,49,13.53,scattered clouds
422,San Jeronimo,PE,-11.9472,-75.2829,43.3,96,100,2.01,overcast clouds
423,Darbhanga,IN,26.1667,85.9,79.92,84,43,12.77,scattered clouds
424,Cap Malheureux,MU,-19.9842,57.6142,64.47,75,4,5.01,clear sky
425,Shimoda,JP,34.6667,138.95,83.37,74,100,4.25,overcast clouds
426,Qeshm,IR,26.9581,56.2719,88.39,83,100,10.96,overcast clouds
427,Sept-Iles,CA,50.2001,-66.3821,64.92,92,100,9.22,overcast clouds
428,Tagaytay,PH,14.115,120.9636,80.2,69,51,5.41,broken clouds
429,Gold Coast,AU,-28.0,153.4333,70.77,72,0,9.22,clear sky
430,Huarmey,PE,-10.0681,-78.1522,63.77,84,69,10.65,broken clouds
431,Husavik,IS,66.0449,-17.3389,46.18,89,60,2.55,broken clouds
432,Saint George,US,37.1041,-113.5841,97.43,31,0,10.36,clear sky
433,Serenje,ZM,-13.2325,30.2352,53.76,69,7,6.55,clear sky
434,Kandrian,PG,-6.2167,149.55,83.82,74,32,12.53,light rain
435,Myre,NO,69.1036,15.9492,50.9,81,62,13.91,broken clouds
436,Molochnoye,RU,59.2917,39.6787,60.55,96,86,2.21,light rain
437,Ambilobe,MG,-13.2,49.05,61.72,88,11,3.56,few clouds
438,Shahrud,IR,36.4182,54.9763,68.76,69,6,9.98,clear sky
439,Alice Springs,AU,-23.7,133.8833,62.15,51,0,14.97,clear sky
440,Hatillo,PR,18.4863,-66.8254,82.11,88,0,4.0,clear sky
441,Takoradi,GH,4.8845,-1.7554,73.11,88,86,7.61,overcast clouds
442,Mahajanga,MG,-15.7167,46.3167,68.58,67,5,5.35,clear sky
443,Yabelo,ET,4.8833,38.0833,55.27,73,8,7.31,clear sky
444,Victoria,HK,22.2855,114.1577,93.25,77,14,5.99,few clouds
445,Harper,LR,4.375,-7.7169,73.83,76,51,4.88,broken clouds
446,Banyo,CM,6.75,11.8167,64.76,96,100,3.31,overcast clouds
447,Kyshtovka,RU,56.555,76.6271,56.5,83,55,5.57,broken clouds
448,Heilbron,ZA,-27.2812,27.9709,38.77,35,0,7.38,clear sky
449,Phirangipuram,IN,16.3,80.2667,78.21,81,100,5.84,moderate rain
450,Culpeper,US,38.5004,-77.9664,85.15,87,0,0.0,clear sky
451,Klerksdorp,ZA,-26.8521,26.6667,39.72,29,0,2.28,clear sky
452,Naze,JP,28.3667,129.4833,83.14,75,32,0.78,scattered clouds
453,Laibin,CN,23.7,109.2667,85.28,70,0,5.08,clear sky
454,Havelock,US,34.8791,-76.9013,80.94,90,44,4.0,scattered clouds
455,Zaragoza,ES,41.6561,-0.8773,85.01,53,0,10.0,clear sky
456,Mananara,MG,-16.1667,49.7667,65.1,94,69,4.83,light rain
457,Broome,US,42.2506,-75.833,74.86,80,98,7.0,overcast clouds
458,Road Town,VG,18.4167,-64.6167,82.44,78,20,12.66,few clouds
459,Chilca,PE,-12.5211,-76.7372,60.55,88,48,9.78,scattered clouds
460,Zhigansk,RU,66.7697,123.3711,65.23,65,20,8.01,few clouds
461,Shenjiamen,CN,29.9576,122.298,80.22,86,55,7.9,broken clouds
462,Teya,RU,60.3778,92.6267,61.72,76,24,3.33,few clouds
463,Zhuanghe,CN,39.7008,122.9911,80.55,80,5,8.57,clear sky
464,Stettler,CA,52.3168,-112.7186,68.45,79,100,9.75,overcast clouds
465,Kanodar,IN,24.1,72.3833,77.02,91,96,9.62,light rain
466,Ostrovnoy,RU,68.0531,39.5131,49.42,91,100,12.26,overcast clouds
467,Pangnirtung,CA,66.1451,-65.7125,51.64,71,86,2.42,overcast clouds
468,Solnechnyy,RU,50.7214,136.6319,79.21,55,0,4.9,clear sky
469,Mahibadhoo,MV,3.7833,72.9667,82.04,73,100,12.84,overcast clouds
470,Itarema,BR,-2.9248,-39.9167,79.74,77,100,15.59,overcast clouds
471,Dongsheng,CN,39.8161,109.9776,74.17,53,5,10.22,clear sky
472,Mahon,ES,39.8885,4.2658,79.36,89,0,4.61,clear sky
473,Aleksandrovsk-Sakhalinskiy,RU,50.8975,142.1561,70.38,69,1,11.79,clear sky
474,Mount Airy,US,36.4993,-80.6073,81.97,64,40,0.0,scattered clouds
475,Makurdi,NG,7.7411,8.5121,73.38,97,100,4.45,light rain
476,Marshall,US,34.3834,-86.3333,87.78,67,0,5.75,clear sky
477,Springbok,ZA,-29.6643,17.8865,47.95,26,0,11.59,clear sky
478,Port Macquarie,AU,-31.4333,152.9167,63.9,60,0,0.92,clear sky
479,Kubanskiy,RU,45.9292,40.5806,64.94,67,27,7.67,scattered clouds
480,Hirado,JP,33.3597,129.5531,86.4,82,4,5.08,clear sky
481,Berlevag,NO,70.8578,29.0864,49.8,93,100,6.91,overcast clouds
482,Adre,TD,13.4667,22.2,76.5,73,100,6.55,overcast clouds
483,Staryy Nadym,RU,65.6118,72.6842,50.76,81,100,11.34,overcast clouds
484,Indramayu,ID,-6.3264,108.32,78.28,68,92,10.94,overcast clouds
485,Ikot Ekpene,NG,5.1794,7.7108,73.26,88,100,3.58,overcast clouds
486,Kaeo,NZ,-35.1,173.7833,61.32,97,100,20.4,overcast clouds
487,Beauvais,FR,49.4167,2.0,71.76,70,0,6.91,clear sky
488,Noumea,NC,-22.2763,166.4572,76.98,99,45,9.28,scattered clouds
489,Mikkeli,FI,61.6886,27.2723,55.15,100,100,2.3,fog
490,Itoman,JP,26.1247,127.6694,89.4,84,40,8.05,scattered clouds
491,Formosa,AR,-26.1775,-58.1781,73.89,56,0,7.56,clear sky
492,Leh,IN,34.1667,77.5833,60.49,67,100,2.42,overcast clouds
493,Wau,SS,7.7029,27.9953,70.92,97,100,2.75,overcast clouds
494,Cabedelo,BR,-6.9811,-34.8339,73.69,79,33,14.2,scattered clouds
495,Kloulklubed,PW,7.0419,134.2556,83.08,73,68,5.55,light rain
496,Beoumi,CI,7.6736,-5.5764,71.01,92,98,5.57,overcast clouds
497,Pipri,IN,19.8,75.5333,72.63,90,100,5.84,overcast clouds
498,Rawson,AR,-43.3002,-65.1023,42.17,74,98,9.91,overcast clouds
499,Xining,CN,36.6167,101.7667,63.21,58,0,2.75,clear sky
500,Tovuz,AZ,40.9922,45.6289,64.02,56,6,5.73,clear sky
501,Les Herbiers,FR,46.8667,-1.0167,65.91,94,84,6.69,broken clouds
502,Neuquen,AR,-38.9516,-68.0591,46.29,87,75,10.36,broken clouds
503,Little Baguio,PH,7.8939,125.2764,75.63,74,100,2.3,overcast clouds
504,Zigos,GR,41.0167,24.3833,82.98,57,99,8.01,light rain
505,Leshukonskoye,RU,64.8989,45.7622,48.34,94,28,3.78,scattered clouds
506,Miami,US,25.7743,-80.1937,86.0,76,75,8.05,broken clouds
507,Lompoc,US,34.6391,-120.4579,79.02,74,0,13.8,clear sky
508,Burnie,AU,-41.0667,145.9167,55.92,82,82,13.76,broken clouds
509,Kokopo,PG,-4.352,152.2633,85.8,64,3,15.08,clear sky
510,Tandalti,SD,13.0167,31.8667,77.94,69,100,12.26,overcast clouds
511,Tulum,MX,20.2167,-87.4667,80.64,83,100,6.8,overcast clouds
512,Nova Olinda Do Norte,BR,-3.8881,-59.0942,78.13,58,10,2.66,clear sky
513,Jimo,CN,36.3897,120.4622,83.73,53,0,5.12,clear sky
514,Dunmore East,IE,52.1514,-6.9861,60.69,73,100,12.91,overcast clouds
515,Savelugu,GH,9.6244,-0.8253,75.15,77,100,3.4,overcast clouds
516,Clara,IE,53.3425,-7.6139,56.39,98,96,9.13,overcast clouds
517,Wakkanai,JP,45.4094,141.6739,66.6,84,99,8.93,overcast clouds
518,Faya,SA,18.3851,42.4509,63.05,64,100,8.95,overcast clouds
519,La Asuncion,VE,11.0333,-63.8628,78.1,84,100,13.56,overcast clouds
520,Taoudenni,ML,22.6783,-3.9836,92.57,27,91,19.93,light rain
521,Adrar,MR,20.5022,-10.0711,95.61,7,5,10.13,clear sky
522,Sola,VU,-13.8833,167.55,80.46,78,0,6.89,clear sky
523,Batticaloa,LK,7.7102,81.6924,79.75,72,89,3.96,overcast clouds
524,Iwanai,JP,42.9744,140.5089,75.52,66,48,5.03,scattered clouds
525,Emerald,AU,-23.5333,148.1667,66.34,77,40,9.22,scattered clouds
526,Akonolinga,CM,3.7667,12.25,66.88,99,100,3.29,moderate rain
527,San Juan,AR,-31.5375,-68.5364,60.4,50,0,7.54,clear sky
528,Chute-Aux-Outardes,CA,49.1168,-68.399,60.78,100,75,5.75,thunderstorm with light rain
529,Manado,ID,1.487,124.8455,84.97,65,20,5.75,few clouds
530,Bantou,CN,26.2151,117.4893,92.35,46,0,1.32,clear sky
531,Portales,US,34.1862,-103.3344,93.33,28,14,1.01,few clouds
532,Pangody,RU,65.85,74.4859,49.84,85,70,16.08,broken clouds
533,Nabire,ID,-3.3667,135.4833,83.23,74,81,1.97,broken clouds
534,High Level,CA,58.5169,-117.136,73.51,40,40,10.36,scattered clouds
535,Nelson Bay,AU,-32.7167,152.15,61.11,86,0,5.01,clear sky
536,Uige,AO,-7.6087,15.0613,63.23,95,10,2.89,clear sky
537,Mnogovershinnyy,RU,53.9353,139.9242,75.58,57,7,2.89,clear sky
538,College,US,64.8569,-147.8028,74.59,34,86,3.87,overcast clouds
539,Christchurch,NZ,-43.5333,172.6333,45.41,93,75,4.61,drizzle
540,Erenhot,CN,43.6475,111.9767,80.42,30,100,4.16,overcast clouds
541,Dudinka,RU,69.4058,86.1778,56.62,81,100,29.04,light rain
542,Bachaquero,VE,9.9694,-71.1494,81.16,73,82,5.39,broken clouds
543,Kanigoro,ID,-8.13,112.219,74.12,66,87,9.66,overcast clouds
544,Hambantota,LK,6.1241,81.1185,75.54,100,75,0.0,shower rain
545,Oranjemund,NA,-28.55,16.4333,62.01,31,0,9.35,clear sky
546,Sibu,MY,2.3,111.8167,77.74,90,100,0.94,overcast clouds
547,Tomatlan,MX,19.9333,-105.25,82.81,78,58,7.05,broken clouds
548,Magistralnyy,RU,56.1725,107.4458,68.09,70,81,5.37,broken clouds
549,Fort Nelson,CA,58.8053,-122.7002,69.89,44,100,4.7,overcast clouds
550,Svetlyy,RU,54.675,20.1347,59.05,85,89,5.79,overcast clouds
551,Los Andes,CL,-32.8337,-70.5983,48.0,71,77,1.28,broken clouds
552,Sorong,ID,-0.8833,131.25,80.94,82,100,3.91,overcast clouds
553,Hofn,IS,64.2539,-15.2082,50.74,91,100,4.65,overcast clouds
554,Dingle,PH,10.9995,122.6711,83.32,78,84,0.83,light rain
555,Viedma,AR,-40.8135,-62.9967,46.13,74,100,11.01,overcast clouds
556,Kurilsk,RU,45.2333,147.8833,54.9,96,99,12.26,overcast clouds
557,Nemuro,JP,43.3236,145.575,63.37,88,2,3.11,clear sky
558,Ulladulla,AU,-35.35,150.4667,61.0,63,69,4.0,broken clouds
559,Teahupoo,PF,-17.8333,-149.2667,75.16,79,14,15.32,light rain
560,De-Kastri,RU,51.4667,140.7833,76.75,63,30,4.34,scattered clouds
561,Portland,US,45.5234,-122.6762,95.16,42,0,11.5,clear sky
562,Los Llanos De Aridane,ES,28.6585,-17.9182,71.35,73,0,8.05,clear sky
563,Asyut,EG,27.181,31.1837,82.9,30,4,10.56,clear sky
564,Camamu,BR,-13.9447,-39.1039,67.48,89,94,5.17,overcast clouds
565,Esfarayen,IR,37.0765,57.5101,70.12,70,14,6.42,few clouds
566,Raga,SS,8.4596,25.678,69.58,95,100,3.74,overcast clouds
567,Vila Velha,BR,-20.3297,-40.2925,70.95,85,31,3.24,scattered clouds
568,Dafeng,CN,23.4517,108.5881,86.47,69,0,2.01,clear sky
569,Margate,GB,51.3813,1.3862,66.31,80,100,4.0,overcast clouds
570,Ianca,RO,45.1333,27.45,68.81,84,76,12.21,broken clouds
571,Canete,CL,-37.8,-73.4,51.93,95,100,6.69,light rain
572,Karlovo,BG,42.6333,24.8,77.13,66,79,5.84,light rain
573,Darfo,IT,45.8779,10.1812,79.75,75,14,5.12,few clouds
574,Ingham,US,42.6,-84.3833,76.17,89,40,0.0,scattered clouds
575,Qinggang,CN,46.6833,126.0833,74.08,72,100,5.19,overcast clouds
576,Lugovoy,KZ,42.9472,72.7644,75.79,34,0,1.12,clear sky
577,Tommot,RU,58.9564,126.2925,83.41,60,46,1.61,scattered clouds
578,Canutama,BR,-6.5339,-64.3831,79.34,53,9,0.58,clear sky
579,Sorland,NO,67.667,12.6934,51.66,80,100,19.22,overcast clouds
580,Pakxe,LA,15.1167,105.7833,80.02,84,9,2.15,clear sky
581,Selfoss,IS,63.9331,-20.9971,51.04,82,90,6.06,overcast clouds
582,Mitu,CO,1.1983,-70.1733,70.02,100,100,0.72,overcast clouds
583,Muravlenko,RU,63.7898,74.523,52.07,78,0,13.38,clear sky
584,Tamandare,BR,-8.7597,-35.1047,73.24,80,95,9.82,overcast clouds
585,Nuuk,GL,64.1835,-51.7216,43.41,93,40,6.91,scattered clouds
586,Pandan,PH,14.0453,124.1694,84.49,76,68,5.19,broken clouds
587,Sao Felix Do Xingu,BR,-6.6447,-51.995,74.84,51,22,1.23,few clouds
588,Seabra,BR,-12.4186,-41.7703,63.0,90,71,8.34,broken clouds
589,Gamba,GA,-2.65,10.0,70.48,87,98,2.08,overcast clouds
590,Pineville,US,31.3224,-92.4343,87.69,62,0,4.61,clear sky
591,Nantucket,US,41.2835,-70.0995,79.0,94,10,24.45,clear sky
592,Palu,ID,-0.8917,119.8707,83.55,71,89,2.15,overcast clouds
593,Cervo,ES,43.6702,-7.4101,64.96,78,96,5.97,overcast clouds
594,Fortuna Foothills,US,32.6578,-114.4119,101.55,35,0,12.66,clear sky
595,Hirara,JP,24.8,125.2833,89.46,74,40,5.75,scattered clouds
596,Livramento,BR,-3.0254,-60.1803,84.87,83,0,0.0,clear sky
597,Khandbari,NP,27.3747,87.2039,73.49,87,78,0.85,broken clouds
598,Flagstaff,US,35.1981,-111.6513,80.26,70,20,10.36,few clouds
599,Srandakan,ID,-7.9386,110.2506,76.95,67,96,13.87,overcast clouds
600,Daulatpur,PK,26.5015,67.9706,82.4,84,100,12.95,light rain
601,Beringovskiy,RU,63.05,179.3167,45.41,76,100,13.2,overcast clouds
602,Kudahuvadhoo,MV,2.6708,72.8944,81.93,72,97,12.48,overcast clouds
603,Timra,SE,62.487,17.3257,61.68,82,100,5.75,overcast clouds
604,Kokstad,ZA,-30.5472,29.4241,39.52,80,75,5.17,broken clouds
605,San Felipe,VE,10.3399,-68.7425,70.72,96,60,1.59,broken clouds
606,Belaya Gora,RU,68.5333,146.4167,73.76,31,37,6.22,scattered clouds
607,Sharlyk,RU,52.9167,54.75,65.08,81,99,7.34,light rain
608,Namatanai,PG,-3.6667,152.4333,85.12,68,22,8.08,few clouds
609,Campbellton,CA,48.0075,-66.6727,68.65,98,100,6.29,moderate rain
610,Bulgan,MN,48.8125,103.5347,57.4,68,0,2.51,clear sky
611,Redcliffe,AU,-27.2307,153.0973,70.14,61,20,9.22,few clouds
612,Markala,ML,13.7021,-6.0659,77.07,78,100,11.14,light rain
613,Koindu,GN,8.4386,-10.3253,68.29,99,100,3.06,light rain
614,Orlovskiy,RU,46.8714,42.0592,65.17,69,100,7.47,overcast clouds
615,Visnes,NO,59.3556,5.2242,61.21,88,20,17.27,moderate rain
616,Namioka,JP,40.7072,140.5894,79.92,88,75,4.61,broken clouds
617,Chabahar,IR,25.2919,60.643,82.78,81,84,14.2,broken clouds
618,Taltal,CL,-25.4,-70.4833,57.67,80,5,3.69,clear sky
619,Belmonte,BR,-15.8631,-38.8828,70.63,81,44,7.63,scattered clouds
620,Krasnoselkup,RU,65.7,82.4667,51.58,96,100,19.91,light rain
621,Soe,ID,-9.8607,124.284,69.84,51,57,4.74,broken clouds
622,Klyuchi,RU,52.2667,79.1667,60.73,65,52,7.52,broken clouds
623,Kununurra,AU,-15.7667,128.7333,69.78,32,7,5.75,clear sky
624,Namtsy,RU,62.7161,129.6658,78.64,48,93,3.38,overcast clouds
625,Dakar,SN,14.6937,-17.4441,76.08,77,98,4.52,overcast clouds
626,Monzon,ES,41.9108,0.1941,81.82,45,0,4.12,clear sky
627,Mirnyy,RU,62.5353,113.9611,73.24,83,30,8.99,scattered clouds
628,Balbalan,PH,17.4414,121.2019,78.26,65,87,2.59,overcast clouds
629,Saiki,JP,32.95,131.9,83.16,81,56,7.47,broken clouds
630,Surgut,RU,61.25,73.4167,57.38,76,0,4.47,clear sky
631,Shakawe,BW,-18.3667,21.85,57.42,45,0,4.61,clear sky
632,Uribia,CO,11.7139,-72.266,82.58,63,100,15.61,overcast clouds
633,Shingu,JP,33.7333,135.9833,83.86,63,44,4.41,scattered clouds
634,Neropolis,BR,-16.4064,-49.2186,66.2,43,0,5.21,clear sky
635,San Quintin,MX,30.4833,-115.95,70.61,74,77,10.63,broken clouds
636,Bama,NG,11.5221,13.6856,78.57,73,100,9.98,overcast clouds
637,Santa Cruz Del Sur,CU,20.7147,-77.9956,79.39,82,100,14.52,overcast clouds
638,Weligama,LK,5.9667,80.4167,77.86,86,100,12.12,overcast clouds
639,Cotonou,BJ,6.3654,2.4183,76.69,81,100,9.93,overcast clouds
640,Purpe,RU,64.4803,76.6897,52.92,78,53,13.71,broken clouds
641,Verkhnevilyuysk,RU,63.4453,120.3167,75.04,57,12,8.86,few clouds
642,Iranshahr,IR,27.2025,60.6848,87.85,56,100,1.59,overcast clouds
643,Covington,US,39.0837,-84.5086,85.32,81,20,11.5,moderate rain
644,Ryotsu,JP,38.0833,138.4333,81.5,66,24,2.64,few clouds
645,Mana,GF,5.6592,-53.7767,76.77,91,98,8.79,overcast clouds
646,Kropotkin,RU,45.4375,40.5756,61.9,82,5,7.18,clear sky
647,Empalme,MX,27.9667,-110.8167,92.35,66,75,9.22,broken clouds
648,Sanguem,IN,15.2333,74.1667,75.2,92,100,2.44,overcast clouds
649,Togur,RU,58.3631,82.8265,51.49,95,100,3.06,overcast clouds
650,Hokitika,NZ,-42.7167,170.9667,52.92,53,100,6.91,overcast clouds
651,Malatya,TR,38.5,38.0,62.65,39,0,2.3,clear sky
652,Piacabucu,BR,-10.4056,-36.4344,72.43,76,100,9.31,overcast clouds
653,Nome,US,64.5011,-165.4064,55.17,62,40,4.61,scattered clouds
654,Zhaodong,CN,46.0833,125.9833,73.92,75,100,5.46,overcast clouds
655,Manbij,SY,36.5281,37.9549,74.17,29,0,14.05,clear sky
656,Adeje,ES,28.1227,-16.726,86.88,67,0,1.14,clear sky
657,Marinette,US,45.1,-87.6307,75.25,59,27,16.35,scattered clouds
658,Ystad,SE,55.4297,13.8204,61.54,85,94,10.78,overcast clouds
659,Chigorodo,CO,7.6664,-76.6811,74.41,98,100,2.26,overcast clouds
660,Katobu,ID,-4.9408,122.5276,80.53,67,5,4.0,clear sky
661,Mackay,AU,-21.15,149.2,73.69,81,93,10.45,overcast clouds
662,Pinillos,CO,8.9193,-74.4677,75.79,95,94,3.11,overcast clouds
663,Muromtsevo,RU,56.3724,75.2418,56.37,83,10,5.53,clear sky
664,Chatra,IN,24.2167,84.8667,77.49,83,96,10.04,overcast clouds
665,Mapiri,BO,-15.25,-68.1667,70.93,83,100,0.4,overcast clouds
666,Kasongo,CD,-4.45,26.6667,75.25,55,93,1.66,overcast clouds
667,Mandalgovi,MN,45.7625,106.2708,68.56,40,7,13.51,clear sky
668,Pierre,US,44.3683,-100.351,82.85,46,0,9.22,clear sky
669,Nyurba,RU,63.2842,118.3319,77.58,60,49,9.42,scattered clouds
670,Sur,OM,22.5667,59.5289,87.31,65,100,11.25,overcast clouds
671,Paamiut,GL,61.994,-49.6678,44.37,81,10,3.2,clear sky
672,Villa Carlos Paz,AR,-31.4241,-64.4978,63.9,47,64,1.99,broken clouds
673,Keti Bandar,PK,24.1447,67.4497,79.25,94,100,18.37,heavy intensity rain
674,Luziania,BR,-16.2525,-47.9503,67.69,52,0,4.16,clear sky
675,Milledgeville,US,33.0801,-83.2321,86.14,73,40,5.75,scattered clouds
676,Champerico,GT,14.3,-91.9167,80.55,78,99,1.54,overcast clouds
677,Komsomolskiy,UZ,40.4272,71.7189,81.32,22,0,9.22,clear sky
678,Gunjur,GM,13.2019,-16.7339,73.47,94,75,1.14,broken clouds
679,Sterling,US,39.0062,-77.4286,89.11,71,75,5.75,broken clouds
680,Magnitogorsk,RU,53.4186,59.0472,59.83,82,40,8.95,scattered clouds
681,Goundam,ML,16.4145,-3.6708,83.14,58,99,6.91,overcast clouds
682,Baghdad,IQ,33.3406,44.4009,82.31,21,0,4.61,clear sky
683,Dongning,CN,44.0622,131.1207,68.95,94,100,2.51,overcast clouds
684,Mansoa,GW,12.0733,-15.3189,72.48,97,29,2.37,scattered clouds
685,Notre-Dame-Du-Lac,CA,47.6136,-68.7964,68.88,99,100,4.72,moderate rain
686,Acarau,BR,-2.8856,-40.12,79.9,77,99,17.94,overcast clouds
687,Anton Lizardo,MX,19.05,-95.9833,83.21,75,19,8.25,few clouds
688,Tecoanapa,MX,16.5167,-98.75,79.83,85,100,5.03,overcast clouds
689,Osuna,ES,37.2377,-5.1075,88.92,17,20,3.31,few clouds
690,Hamilton,US,39.1834,-84.5333,84.43,81,20,11.5,moderate rain
691,Maningrida,AU,-12.0667,134.2667,79.92,63,6,8.77,clear sky
692,Westport,US,41.1415,-73.3579,84.88,84,79,11.01,broken clouds
693,Batemans Bay,AU,-35.7167,150.1833,55.09,61,81,3.6,broken clouds
